year,month,Powell_Storage,Mead_Storage,month_name,None,D0,D1,D2,D3,D4,D_Combined,AvgSWE,D_Outcome
2002,1,17750897.16129032,19847854.451612905,Jan,35.006,52.136,8.508,2.448,1.906,0.0,4.354,6.158064516129032,0
2002,2,17340777.8,19813287.14285714,Feb,7.532500000000001,54.4575,33.4275,3.3875,1.1975,0.0,4.585,7.903571428571429,0
2002,3,17045513.870967742,19393544.19354839,Mar,0.0,25.6375,53.3625,20.16,0.8374999999999999,0.0,20.9975,10.651612903225804,0
2002,4,16818848.43,18832301.8,Apr,0.0,9.564,20.772,60.34400000000001,9.318,0.0,69.662,7.89,1
2002,5,16586459.51935484,18240943.93548387,May,0.0,4.535,5.7325,36.1575,49.795,3.78,89.7325,1.532258064516129,1
2002,6,16357008.95,17747641.666666668,Jun,0.0,1.1075,8.365,21.4225,51.13,17.975,90.5275,0.0,1
2002,7,15714087.383870969,17458516.774193548,Jul,0.0,0.002,5.702,13.326,43.496,37.472,94.294,0.0,1
2002,8,14941147.66451613,17288368.0,Aug,0.0,0.0,5.465,24.6025,44.6575,25.2725,94.5325,0.0,1
2002,9,14531404.06,17143386.133333333,Sep,0.0,0.0,2.93,27.025,48.255,21.7875,97.0675,0.0066666666666666,1
2002,10,14364946.938709678,17059995.48387097,Oct,0.0,0.0,12.81,27.910000000000004,48.556,10.718,87.18400000000001,0.2806451612903226,1
2002,11,14189794.906666666,16956117.933333334,Nov,0.0,0.0,16.0875,31.28,44.8475,7.785,83.9125,1.2,1
2002,12,13938782.425806452,16790830.967741936,Dec,0.0,0.0,9.142,39.902,42.684000000000005,8.272,90.85800000000002,4.319354838709677,1
2003,1,13511669.44516129,16799752.612903226,Jan,0.0,0.0,6.9475,22.21,61.71,9.1275,93.0475,7.593548387096774,1
2003,2,13034966.789285716,16892516.214285713,Feb,0.0,0.0,6.279999999999999,15.505,69.785,8.435,93.725,9.9,1
2003,3,12624405.79032258,16952882.64516129,Mar,0.0,0.0,15.6125,21.76,58.0325,4.5975,84.39,14.435483870967742,1
2003,4,12323895.993333334,16572778.566666666,Apr,0.0,0.0,15.574000000000002,24.546,57.374,2.504,84.424,16.76,1
2003,5,12342885.316129033,16089025.774193548,May,0.0,0.7525,12.1075,25.5225,56.5325,5.0875,87.14250000000001,12.264516129032256,1
2003,6,13280952.13,15815501.033333331,Jun,0.0175,0.8875,9.54,27.5175,53.565,8.469999999999999,89.5525,0.5733333333333334,1
2003,7,13101336.232258065,15668486.58064516,Jul,0.016,0.58,4.926,25.966,59.49399999999999,9.018,94.478,0.0,1
2003,8,12462884.235483872,15674146.58064516,Aug,0.0,0.0,10.5775,19.865,58.935,10.6175,89.41750000000002,0.0,1
2003,9,12146818.54,15698917.466666669,Sep,0.0,1.326,12.234,30.602,49.356,6.48,86.438,0.0,1
2003,10,12030989.70967742,15611375.806451611,Oct,0.0,3.635,12.3425,33.754999999999995,44.775000000000006,5.495,84.025,0.2774193548387096,1
2003,11,11869083.636666669,15421445.6,Nov,0.0,5.6225,15.21,27.0775,44.6275,7.460000000000001,79.16499999999999,3.646666666666667,1
2003,12,11638430.777419357,15313294.451612905,Dec,0.0,7.3,14.03,27.462,42.61,8.598,78.67,5.561290322580645,1
2004,1,11222683.003225807,15383589.935483873,Jan,0.0,7.654999999999999,14.6675,33.1825,37.572500000000005,6.9225,77.6775,8.406451612903227,1
2004,2,10740677.25862069,15427857.27586207,Feb,0.0,8.135,11.865,36.2425,36.7075,7.05,80.0,10.43103448275862,1
2004,3,10329492.54516129,15346518.58064516,Mar,0.0,7.146000000000001,16.982,36.072,36.86,2.932,75.86399999999999,12.3,1
2004,4,10200617.916666666,15081896.566666666,Apr,0.0,8.1325,17.475,36.61,36.6575,1.125,74.3925,11.23,1
2004,5,10347759.758064516,14609457.903225806,May,0.0,7.82,15.675,37.7925,37.465,1.2525,76.51,4.696774193548387,1
2004,6,10551818.783333331,14173946.666666666,Jun,0.0,7.587999999999999,13.0,39.184000000000005,38.968,1.26,79.41200000000002,0.25,1
2004,7,10205158.291935485,13973935.483870968,Jul,0.0,6.3975,13.4075,38.9575,39.9775,1.26,80.19500000000001,0.0,1
2004,8,9589085.434193548,13996325.806451611,Aug,0.002,4.218,12.492,37.518,44.592,1.1800000000000002,83.29,0.0,1
2004,9,9193606.748666666,13988066.666666666,Sep,0.02,4.2675,12.705,40.63,41.3225,1.0525,83.005,0.0633333333333333,1
2004,10,9163889.12967742,14005652.58064516,Oct,0.1,4.31,14.9175,43.7425,35.9525,0.9725,80.66749999999999,0.0,1
2004,11,9082297.410333334,14181458.333333334,Nov,0.134,5.772,29.956,39.524,23.878,0.74,64.142,2.183333333333333,1
2004,12,8766763.40483871,14359178.387096774,Dec,0.27,11.9025,33.2275,37.825,16.04,0.74,54.605,5.051612903225807,1
2005,1,8585194.855806451,14729230.64516129,Jan,1.5775,20.0925,38.365,30.3025,9.2025,0.4599999999999999,39.965,9.829032258064515,0
2005,2,8350103.156428571,15378150.714285716,Feb,8.375,29.775,34.84,20.8875,5.8775,0.2475,27.0125,12.603571428571428,0
2005,3,8128684.689677419,16053274.193548389,Mar,19.874,34.38,30.091999999999995,13.692000000000002,1.54,0.422,15.654000000000003,15.325806451612904,0
2005,4,8137314.397666667,16076164.333333334,Apr,40.3775,31.5725,20.1625,7.245,0.4449999999999999,0.2025,7.8925,16.34,0
2005,5,9248041.332903223,15718532.258064516,May,55.99400000000001,27.302,12.066,4.6,0.0339999999999999,0.0,4.634,11.412903225806453,0
2005,6,11572758.11,15497474.666666666,Jun,57.58,22.83,17.45,2.14,0.0,0.0,2.14,2.283333333333333,0
2005,7,12502950.63548387,15357579.032258064,Jul,51.6775,27.8325,17.985,2.505,0.0,0.0,2.505,0.0161290322580645,0
2005,8,12229534.751612904,15307678.387096774,Aug,55.216,24.944,16.986,2.8560000000000003,0.0,0.0,2.8560000000000003,0.0,0
2005,9,11961436.943333331,15313226.333333334,Sep,62.715,21.0425,13.3975,2.85,0.0,0.0,2.85,0.0,0
2005,10,11971852.274193548,15134070.64516129,Oct,60.575,24.835,13.875,0.7125,0.0,0.0,0.7125,0.3774193548387096,0
2005,11,12004256.12,15014265.666666666,Nov,59.34000000000001,26.546,14.114,0.0,0.0,0.0,0.0,2.26,0
2005,12,11763785.512903225,15012874.838709677,Dec,51.375,31.99,16.634999999999998,0.0,0.0,0.0,0.0,5.367741935483871,0
2006,1,11396909.15483871,15262761.935483873,Jan,38.706,28.606,22.584,9.518,0.584,0.0,10.102,11.193548387096774,0
2006,2,10997421.99642857,15438257.5,Feb,33.6125,21.535,14.2175,16.56,14.08,0.0,30.64,14.267857142857142,0
2006,3,10750234.703225806,15420613.870967742,Mar,34.0275,19.2575,12.2025,19.1325,15.3825,0.0,34.515,16.76774193548387,0
2006,4,10815830.686666667,15154334.666666666,Apr,35.5925,16.405,13.62,20.51,13.87,0.0,34.379999999999995,17.33,0
2006,5,11588226.574193548,14731731.612903226,May,32.914,18.14,13.384,13.672,15.924,5.962,35.55800000000001,7.129032258064516,0
2006,6,12666558.95,14337066.333333334,Jun,28.5525,16.4525,14.24,16.877499999999998,17.4775,6.41,40.765,0.2966666666666667,0
2006,7,12608816.683870967,14095729.35483871,Jul,27.5625,12.5475,20.93,19.54,16.075,3.35,38.965,0.0,0
2006,8,12227356.77096774,14021258.064516127,Aug,27.26,18.402,29.906,17.342000000000002,6.982000000000001,0.11,24.434000000000005,0.0,0
2006,9,11949868.336666668,13957033.333333334,Sep,28.64,24.145,30.2625,11.9125,5.04,0.0,16.9525,0.1733333333333333,0
2006,10,12345309.16451613,13925677.41935484,Oct,40.49,22.94,23.684,9.553999999999998,3.33,0.0,12.884,0.4419354838709677,0
2006,11,12476197.25,13996066.666666666,Nov,44.7325,20.705,22.1825,9.36,3.02,0.0,12.38,2.73,0
2006,12,12229523.29032258,14097084.838709677,Dec,41.6875,20.1875,25.505,9.285,3.335,0.0,12.62,7.354838709677419,0
2007,1,11885801.677419355,14241336.129032258,Jan,40.172,18.044,23.998,14.31,3.476,0.0,17.785999999999998,8.183870967741935,0
2007,2,11619964.267857144,14328713.92857143,Feb,16.6575,41.015,16.52,22.815,2.9925,0.0,25.8075,10.407142857142857,0
2007,3,11546218.235483872,14121158.064516127,Mar,6.87,35.695,24.905,22.655,9.8775,0.0,32.5325,13.248387096774191,0
2007,4,11726449.076666666,13683513.666666666,Apr,2.7875,11.615,45.9825,28.5475,11.07,0.0,39.6175,13.446666666666664,0
2007,5,12204382.48064516,13197602.258064516,May,3.17,11.092,42.73,30.734,12.278,0.0,43.012,6.245161290322581,0
2007,6,12825379.606666666,12838516.333333334,Jun,3.26,11.4275,41.655,30.93,12.7325,0.0,43.6625,0.4133333333333333,0
2007,7,12677244.974193549,12626697.741935484,Jul,2.714,11.838,28.694,42.746,14.008,0.0,56.75399999999999,0.0,1
2007,8,12289210.54516129,12570925.161290323,Aug,8.4825,14.7675,16.2975,46.94,13.52,0.0,60.46,0.0,1
2007,9,11967825.996666666,12536380.666666666,Sep,13.815,16.3575,13.93,44.0325,11.87,0.0,55.9025,0.0,1
2007,10,11871308.21935484,12505933.225806452,Oct,22.7,13.576,18.98,33.294000000000004,11.456,0.0,44.75,0.8580645161290323,0
2007,11,11722517.443333331,12507559.0,Nov,17.89,16.64,20.3125,33.7525,11.41,0.0,45.1625,3.146666666666667,0
2007,12,11447123.64516129,12706001.935483873,Dec,26.4075,15.485,19.05,39.05,0.0,0.0,39.05,5.903225806451613,0
2008,1,11042769.95483871,12943562.903225806,Jan,31.586,15.28,23.402,29.736,0.0,0.0,29.736,10.061290322580644,0
2008,2,10847257.203448275,13069662.068965515,Feb,42.5375,20.61,19.8775,16.9675,0.0,0.0,16.9675,15.413793103448276,0
2008,3,10752137.07096774,13041449.677419355,Mar,54.9,18.4,12.4775,14.2225,0.0,0.0,14.2225,19.08709677419355,0
2008,4,10958129.72,12683958.333333334,Apr,51.29,23.61,20.366,4.732,0.0,0.0,4.732,22.266666666666666,0
2008,5,11843505.703225806,12294239.032258064,May,38.525,37.45,21.1225,2.9025,0.0,0.0,2.9025,16.638709677419353,0
2008,6,14087293.296666663,12016692.666666666,Jun,54.8625,22.305,19.7575,3.075,0.0,0.0,3.075,3.11,0
2008,7,15203883.819354838,11922255.806451611,Jul,62.792,20.368,13.866,2.968,0.004,0.0,2.972,0.0290322580645161,0
2008,8,15010018.206451612,11950713.225806452,Aug,67.5375,20.135,9.75,2.58,0.0,0.0,2.58,0.0,0
2008,9,14651254.743333334,11965737.0,Sep,65.104,19.006,14.186000000000002,1.704,0.0,0.0,1.704,0.0,0
2008,10,14334124.13548387,12151780.64516129,Oct,60.965,23.5275,14.6275,0.875,0.0,0.0,0.875,0.6064516129032258,0
2008,11,14063598.513333332,12184814.333333334,Nov,44.38,38.620000000000005,15.65,1.34,0.0,0.0,1.34,1.3133333333333332,0
2008,12,13757822.587096771,12312041.29032258,Dec,34.564,48.552,15.541999999999998,1.34,0.0,0.0,1.34,5.367741935483871,0
2009,1,13330618.838709677,12587459.35483871,Jan,51.06,32.62,14.97,1.34,0.0,0.0,1.34,10.429032258064517,0
2009,2,13043365.964285716,12551774.285714284,Feb,56.675,30.875,11.4375,1.01,0.0,0.0,1.01,13.760714285714286,0
2009,3,12852088.551612904,12380497.41935484,Mar,52.106,37.3,10.568,0.02,0.0,0.0,0.02,16.225806451612904,0
2009,4,12740204.456666669,11905411.0,Apr,38.455,51.095,10.4375,0.01,0.0,0.0,0.01,18.92,0
2009,5,13665117.277419357,11412834.193548389,May,45.685,42.5525,11.765,0.0,0.0,0.0,0.0,8.293548387096775,0
2009,6,15510492.366666667,11123474.666666666,Jun,66.434,30.15,3.414,0.0,0.0,0.0,0.0,0.5333333333333333,0
2009,7,16215969.503225807,11033313.548387095,Jul,74.8,25.08,0.13,0.0,0.0,0.0,0.0,0.0,0
2009,8,15920626.577419354,10968902.58064516,Aug,56.8875,38.16,4.955,0.0,0.0,0.0,0.0,0.0,0
2009,9,15577091.963333333,10939569.0,Sep,35.64,42.164,22.194,0.0,0.0,0.0,0.0,0.02,0
2009,10,15343192.741935484,10946434.516129032,Oct,37.5425,25.5575,19.675,17.2225,0.0,0.0,17.2225,0.1612903225806451,0
2009,11,15110511.273333332,10913382.0,Nov,30.5875,24.625,20.24,24.04,0.5025,0.0,24.5425,1.37,0
2009,12,14698442.925806452,11022486.451612905,Dec,23.058,24.732,23.086,27.138,1.982,0.0,29.12,5.670967741935483,0
2010,1,14177402.11935484,11291206.774193548,Jan,10.7625,38.8975,22.2975,25.4575,2.585,0.0,28.0425,6.854838709677419,0
2010,2,13885058.49642857,11676822.142857144,Feb,13.93,55.8575,24.6125,5.6,0.0,0.0,5.6,9.375,0
2010,3,13749340.245161291,11657477.41935484,Mar,28.924,50.922,15.874,4.2780000000000005,0.0,0.0,4.2780000000000005,12.338709677419354,0
2010,4,13678385.666666666,11427687.666666666,Apr,41.015,45.9625,10.405,2.62,0.0,0.0,2.62,13.29,0
2010,5,14012956.474193549,11158337.741935484,May,47.71,39.7975,9.875,2.6225,0.0,0.0,2.6225,9.98709677419355,0
2010,6,15328264.14,10789249.666666666,Jun,55.728,31.78,10.102,2.39,0.0,0.0,2.39,0.6566666666666666,0
2010,7,15759116.532258064,10470750.322580645,Jul,50.6875,37.6375,10.03,1.6475,0.0,0.0,1.6475,0.0,0
2010,8,15528603.087096771,10381506.774193548,Aug,52.20399999999999,40.688,5.97,1.138,0.0,0.0,1.138,0.0,0
2010,9,15305141.073333332,10232040.0,Sep,49.12,42.6525,7.0225,1.2,0.0,0.0,1.2,0.0,0
2010,10,15316265.087096771,10035125.483870968,Oct,47.1675,46.915,5.0175,0.8999999999999999,0.0,0.0,0.8999999999999999,0.5387096774193548,0
2010,11,15103084.653333334,9948628.666666666,Nov,60.16,36.424,3.418,0.0,0.0,0.0,0.0,2.056666666666666,0
2010,12,14659560.33548387,10110932.903225806,Dec,49.405,37.025,13.57,0.0,0.0,0.0,0.0,4.354838709677419,0
2011,1,14135317.40967742,10505961.935483873,Jan,68.185,16.6375,14.4875,0.69,0.0,0.0,0.69,12.02258064516129,0
2011,2,13493925.689285714,10958183.57142857,Feb,65.22749999999999,16.8925,11.572500000000002,6.315,0.0,0.0,6.315,15.489285714285714,0
2011,3,13010197.296774194,11138923.870967742,Mar,64.87,15.594,11.832,5.046,2.656,0.0,7.702,19.25483870967742,0
2011,4,12759850.246666666,11156504.0,Apr,60.8075,14.47,12.6025,5.4625,6.65,0.0,12.1125,23.24,0
2011,5,13389462.796774194,11143225.483870968,May,60.392,12.22,12.184,6.682,8.514,0.0,15.196,23.18387096774193,0
2011,6,15648097.34,11509947.0,Jun,59.5325,12.79,11.7275,6.18,6.0425,3.7225,15.945,7.183333333333334,0
2011,7,18128393.48709677,11924339.032258064,Jul,52.89,16.3275,11.5525,10.66,4.734999999999999,3.84,19.235,0.1935483870967742,0
2011,8,18289375.72580645,12442028.064516127,Aug,51.896,16.52,13.354,10.25,5.136,2.846,18.232,0.0,0
2011,9,17728992.943333335,12848156.666666666,Sep,47.9075,18.585,13.945,10.5425,6.335,2.685,19.5625,0.0,0
2011,10,17412899.75483871,13248649.032258064,Oct,52.045,17.2175,11.45,11.1675,6.3575,1.765,19.29,0.3741935483870968,0
2011,11,17001852.220000003,13660273.0,Nov,54.13,14.64,9.898,7.75,12.328,1.256,21.334,3.046666666666667,0
2011,12,16304642.170967745,14307880.322580645,Dec,57.975,13.795,10.79,10.775,6.585,0.08,17.439999999999998,7.422580645161291,0
2012,1,15782046.106451614,15001259.183870967,Jan,29.644,36.71,19.806,12.8,1.04,0.0,13.84,5.606451612903226,0
2012,2,15544220.579310345,14978299.620689657,Feb,12.59,33.895,39.6,13.6525,0.26,0.0,13.9125,8.606896551724137,0
2012,3,15430435.348387098,14740948.935483873,Mar,11.8925,27.6925,35.81,21.845,2.7625,0.0,24.6075,11.02258064516129,0
2012,4,15507530.03,14256078.696666664,Apr,5.0675,22.6325,36.5775,30.67,5.055,0.0,35.725,6.543333333333334,0
2012,5,15538776.87419355,13777289.661290323,May,1.4300000000000002,12.246,33.698,45.344,7.282000000000001,0.0,52.626000000000005,1.167741935483871,1
2012,6,15505579.986666668,13377320.16,Jun,0.66,6.3825,19.97,54.905,18.08,0.0,72.985,0.0,1
2012,7,14965248.264516128,13166109.412903229,Jul,0.0,2.542,11.724,52.324,32.802,0.608,85.73400000000001,0.0,1
2012,8,14393229.28064516,13242625.4,Aug,0.0,0.5825,20.325,51.5,27.595,0.0,79.095,0.0,1
2012,9,14034924.743333334,13183193.27,Sep,0.0,0.07,38.11,41.6775,20.1425,0.0,61.82000000000001,0.0,1
2012,10,13813826.13548387,13183762.622580646,Oct,0.0,1.572,40.598,37.05,20.78,0.0,57.83,0.4258064516129032,1
2012,11,13513608.063333333,13221852.713333333,Nov,0.0,2.47,39.4425,36.8125,21.2725,0.0,58.085,2.49,1
2012,12,12983134.074193548,13490865.732258065,Dec,0.0,2.875,36.0925,39.35,21.62,0.065,61.035,3.925806451612903,1
2013,1,12414625.351612903,13752982.18064516,Jan,0.0,4.0200000000000005,37.43,38.284000000000006,20.132,0.13,58.54600000000001,5.364516129032259,1
2013,2,12036364.7,13836468.264285712,Feb,0.0,8.0525,41.1225,39.5325,11.2225,0.065,50.81999999999999,7.932142857142857,1
2013,3,11767903.232258065,13647888.377419354,Mar,0.855,10.2025,43.0625,37.197500000000005,8.6875,0.0,45.885000000000005,11.058064516129033,0
2013,4,11526599.056666669,13194808.613333331,Apr,0.8480000000000001,9.222,36.454,43.072,10.406,0.0,53.478,13.98,1
2013,5,11463601.496774193,12715782.267741935,May,0.0,7.1075,29.4875,51.0525,12.35,0.0,63.4025,9.325806451612904,1
2013,6,11797803.59,12396454.553333336,Jun,0.0,3.7975,30.8625,48.572500000000005,16.765,0.0,65.3375,0.53,1
2013,7,11474037.883870969,12228412.087096771,Jul,0.0,5.093999999999999,29.638,43.148,20.99,1.13,65.268,0.0,1
2013,8,10971031.183870967,12271640.193548389,Aug,0.0,8.2675,32.825,39.77,18.005,1.13,58.905,0.0,1
2013,9,10863918.596666666,12337504.35,Sep,3.72,14.725,40.6175,31.99,8.59,0.36,40.94,0.0166666666666666,0
2013,10,10918677.254838709,12185745.312903224,Oct,7.616,24.774,46.964,20.532,0.11,0.0,20.642,0.1838709677419354,0
2013,11,10733983.176666668,12213141.646666666,Nov,8.175,35.335,37.805,18.6875,0.0,0.0,18.6875,1.02,0
2013,12,10467818.722580643,12305361.40967742,Dec,11.67,39.958000000000006,33.676,14.698000000000002,0.0,0.0,14.698000000000002,2.97741935483871,0
2014,1,10064858.998709677,12433384.274193548,Jan,8.719999999999999,40.4375,31.3925,19.4425,0.0,0.0,19.4425,8.738709677419354,0
2014,2,9684792.80392857,12494667.267857144,Feb,6.407500000000001,37.2125,27.5075,27.5625,1.31,0.0,28.8725,13.85,0
2014,3,9541525.376774194,12198589.341935484,Mar,7.4475,31.4925,26.6075,32.445,2.01,0.0,34.455,17.861290322580647,0
2014,4,9521958.566000002,11556289.476666668,Apr,10.428,20.738,30.648000000000003,35.388,2.798,0.0,38.186,19.173333333333336,0
2014,5,10145984.516451612,10959432.677419355,May,14.9975,12.68,26.05,40.6625,5.612500000000001,0.0,46.275000000000006,12.858064516129032,0
2014,6,11953309.053333336,10433205.88,Jun,16.67,10.92,24.35,39.2575,8.8025,0.0,48.06,1.4866666666666668,0
2014,7,12648531.964516127,10137205.587096771,Jul,15.66,11.29,25.686,34.436,12.932,0.0,47.368,0.0,0
2014,8,12432694.89032258,10063431.86451613,Aug,15.7275,8.925,30.2225,37.845,7.2775,0.0,45.1225,0.0,0
2014,9,12301005.603333334,10119104.173333334,Sep,20.366,13.124,34.68599999999999,26.896000000000004,4.928,0.0,31.824000000000005,0.0033333333333333,0
2014,10,12327410.087096771,10180469.722580643,Oct,23.8775,13.94,36.1225,22.505000000000003,3.555,0.0,26.06,0.7290322580645162,0
2014,11,12080144.343333334,10296180.473333333,Nov,23.9275,13.88,37.35,22.57,2.27,0.0,24.84,2.953333333333333,0
2014,12,11724839.632258063,10497839.58064516,Dec,23.89,14.71,36.56,21.68,3.17,0.0,24.85,5.735483870967743,0
2015,1,11316759.067741936,10740536.86451613,Jan,21.2025,17.857499999999998,35.595,22.58,2.77,0.0,25.35,8.09032258064516,0
2015,2,11084889.221428571,10760364.75,Feb,8.8625,21.2,50.37,16.5325,3.035,0.0,19.5675,9.896428571428572,0
2015,3,10971692.474193549,10596148.722580643,Mar,5.468,11.426,57.426,23.974,1.7080000000000002,0.0,25.682,12.45483870967742,0
2015,4,10882131.666666666,10175230.946666664,Apr,4.2275,9.475,45.62,37.69,2.995,0.0,40.685,10.53,0
2015,5,11044842.396774191,9798680.170967745,May,4.335,12.1175,50.9625,29.9075,2.675,0.0,32.5825,8.25483870967742,0
2015,6,12351619.456666669,9637693.546666663,Jun,9.22,28.262,40.424,21.574,0.516,0.0,22.090000000000003,1.6933333333333331,0
2015,7,13119257.180645162,9695851.41935484,Jul,19.6575,23.17,41.2975,15.875,0.0,0.0,15.875,0.0,0
2015,8,12836776.2,9865462.406451616,Aug,22.33,22.77,43.3925,11.5075,0.0,0.0,11.5075,0.0,0
2015,9,12480797.526666667,9849911.58,Sep,22.368,25.818,41.418,10.398,0.0,0.0,10.398,0.0,0
2015,10,12350507.235483872,9896433.464516127,Oct,22.525,32.0575,35.9925,9.425,0.0,0.0,9.425,0.1064516129032258,0
2015,11,12337162.83,9914160.894,Nov,24.13,37.7375,29.6675,8.465,0.0,0.0,8.465,1.73,0
2015,12,12049185.787096774,9992803.916129034,Dec,26.228,42.88,23.784,7.1,0.0,0.0,7.1,4.909677419354838,0
2016,1,11606986.85483871,10207016.27096774,Jan,39.3675,40.32,15.3625,4.9475,0.0,0.0,4.9475,8.506451612903225,0
2016,2,11309020.648275863,10358383.931034485,Feb,43.1625,40.9725,12.2525,3.62,0.0,0.0,3.62,11.813793103448276,0
2016,3,11130237.964516127,10211902.283870967,Mar,26.568,47.772000000000006,21.67,3.99,0.0,0.0,3.99,14.061290322580644,0
2016,4,10961821.253333334,9868125.393333334,Apr,23.125,34.455,37.71,4.71,0.0,0.0,4.71,15.823333333333332,0
2016,5,11413382.851612903,9587826.180645162,May,30.726,35.678,32.87,0.7220000000000001,0.0,0.0,0.7220000000000001,11.861290322580643,0
2016,6,13011147.256666666,9406406.546666663,Jun,37.16,35.7475,23.92,3.17,0.0,0.0,3.17,1.3633333333333333,0
2016,7,13794077.716129033,9365392.077419354,Jul,34.6475,36.5625,25.55,3.24,0.0,0.0,3.24,0.0,0
2016,8,13334407.50967742,9522284.083870968,Aug,30.546,35.654,32.38,1.418,0.0,0.0,1.418,0.0,0
2016,9,12925145.286666667,9595997.353333334,Sep,23.32,49.9725,24.075000000000003,2.635,0.0,0.0,2.635,0.0033333333333333,0
2016,10,12758563.887096774,9664397.258064516,Oct,42.3175,35.27,19.71,2.71,0.0,0.0,2.71,0.2161290322580645,0
2016,11,12440548.583333334,9786415.686666667,Nov,30.192,47.302,19.796,2.71,0.0,0.0,2.71,2.556666666666666,0
2016,12,12047220.01935484,9865042.212903226,Dec,33.295,45.4975,18.805,2.4025,0.0,0.0,2.4025,5.429032258064517,0
2017,1,11564223.061290322,10271157.051612904,Jan,61.572,28.596,8.562000000000001,1.27,0.0,0.0,1.27,11.85483870967742,0
2017,2,11251193.57142857,10678164.0,Feb,74.4425,19.88,5.325,0.35,0.0,0.0,0.35,15.546428571428573,0
2017,3,11222988.91935484,10762708.767741935,Mar,88.215,6.565,5.07,0.16,0.0,0.0,0.16,17.20967741935484,0
2017,4,11736760.393333334,10556929.453333337,Apr,84.505,10.275,5.07,0.16,0.0,0.0,0.16,15.336666666666666,0
2017,5,12813905.383870969,10285136.870967742,May,74.696,14.828,10.322,0.16,0.0,0.0,0.16,10.077419354838709,0
2017,6,14659710.303333336,10064161.646666666,Jun,70.37,17.72,11.76,0.16,0.0,0.0,0.16,1.5766666666666669,0
2017,7,15461001.022580644,9951587.470967744,Jul,44.82,42.7175,12.3075,0.16,0.0,0.0,0.16,0.0,0
2017,8,15183263.116129031,10033363.367741937,Aug,69.99,24.122,5.8260000000000005,0.064,0.0,0.0,0.064,0.0,0
2017,9,14791682.726666668,10143498.446666664,Sep,55.5125,36.885000000000005,7.6,0.0,0.0,0.0,0.0,0.02,0
2017,10,14612182.367741937,10196938.967741936,Oct,44.552,44.834,10.464,0.154,0.0,0.0,0.154,0.0516129032258064,0
2017,11,14421933.956666669,10133316.34,Nov,22.6475,46.5225,30.067500000000003,0.77,0.0,0.0,0.77,0.5700000000000001,0
2017,12,14192166.04516129,10155145.322580645,Dec,11.535,20.225,64.805,3.435,0.0,0.0,3.435,5.122580645161291,0
2018,1,13872112.974193549,10424056.941935483,Jan,6.808,13.996,45.6,32.910000000000004,0.6839999999999999,0.0,33.594,5.648387096774194,0
2018,2,13508982.385714289,10674095.85,Feb,3.645,10.2875,31.3025,48.55,6.22,0.0,54.77,8.692857142857143,1
2018,3,13147616.893548386,10695729.329032255,Mar,3.61,10.4125,23.325,38.5625,24.0875,0.0,62.65,11.193548387096774,1
2018,4,12809622.39,10540211.466666669,Apr,4.085,9.89,19.6275,31.7,30.895000000000003,3.7975,66.3925,12.966666666666669,1
2018,5,12732334.564516127,10205797.696774194,May,4.486,9.36,18.164,25.006,32.656,10.328,67.99,5.393548387096774,1
2018,6,12881256.4,9876334.486666668,Jun,3.71,8.71,19.025,22.2025,33.645,12.7,68.5475,0.07,1
2018,7,12414834.60967742,9759631.903225806,Jul,2.306,7.078,18.848,22.694,36.258,12.82,71.77199999999999,0.0,1
2018,8,11777189.887096774,9865470.49032258,Aug,1.595,3.9225,19.345,31.1375,32.7525,11.24,75.13,0.0,1
2018,9,11249655.873333331,9902318.52,Sep,0.725,4.0525,20.4125,31.3375,31.275,12.195,74.8075,0.0,1
2018,10,10955655.883870969,9920387.122580646,Oct,0.01,7.101999999999999,29.69,33.18,19.354,10.656,63.19,0.6290322580645161,1
2018,11,10627141.796666663,9913191.706666669,Nov,0.12,12.4475,31.99,33.7875,11.9225,9.73,55.44,1.6566666666666667,1
2018,12,10293903.738709675,9991715.967741936,Dec,0.12,15.8625,30.2475,37.19,8.100000000000001,8.4825,53.7725,3.1225806451612903,1
2019,1,9831295.46,10320257.006451612,Jan,6.056,18.636000000000003,32.526,29.086,8.154,5.540000000000001,42.78,8.770967741935483,0
2019,2,9436475.679285714,10542112.2,Feb,14.0525,26.45,36.8275,15.1625,6.785,0.7225,22.67,12.62857142857143,0
2019,3,9159135.801935485,10797861.961290322,Mar,45.265,34.1575,14.6475,3.85,1.9025,0.175,5.927499999999999,18.993548387096773,0
2019,4,9035193.350666666,10809826.74,Apr,75.72200000000001,15.84,5.802,2.634,0.0,0.0,2.634,19.67,0
2019,5,9802448.791612905,10670563.032258064,May,86.33250000000001,6.82,6.635,0.2125,0.0,0.0,0.2125,15.548387096774194,0
2019,6,11585661.86,10463498.346666666,Jun,90.9925,5.4025,3.605,0.0,0.0,0.0,0.0,6.016666666666667,0
2019,7,13665103.241935484,10336753.29032258,Jul,89.612,8.356,2.03,0.0,0.0,0.0,0.0,0.2193548387096774,0
2019,8,13820990.264516128,10274569.225806452,Aug,65.9425,27.0325,6.735,0.2875,0.0,0.0,0.2875,0.0,0
2019,9,13436882.22,10279608.746666666,Sep,16.8975,43.8475,30.665,8.5875,0.0,0.0,8.5875,0.0,0
2019,10,13144783.425806452,10269643.393548386,Oct,15.452000000000002,24.218,34.726,25.604,0.0,0.0,25.604,0.8354838709677419,0
2019,11,12941152.47,10274059.92,Nov,13.7775,19.68,27.395,38.6775,0.47,0.0,39.1475,2.9566666666666666,0
2019,12,12723329.977419356,10606795.21935484,Dec,33.904,24.514,15.066,26.512,0.0,0.0,26.512,5.880645161290323,0
2020,1,12433378.687096776,11090030.593548384,Jan,44.57,17.89,22.915,14.615,0.0,0.0,14.615,8.83548387096774,0
2020,2,12141845.886206895,11331139.289655171,Feb,49.82,14.4425,26.0875,9.65,0.0,0.0,9.65,12.775862068965518,0
2020,3,11898952.638709676,11468169.812903224,Mar,51.162,15.616,24.628,8.592,0.0,0.0,8.592,15.783870967741937,0
2020,4,11750840.483333332,11511500.73,Apr,55.675,14.8725,21.445,8.0075,0.0,0.0,8.0075,16.953333333333333,0
2020,5,11924488.667741936,11199780.36451613,May,49.1725,13.6725,24.775,11.125,1.255,0.0,12.38,7.699999999999999,0
2020,6,12679143.283333331,10776667.966666669,Jun,39.84,18.458,21.02,17.464,3.222,0.0,20.686,0.25,0
2020,7,12580568.958064515,10490164.158064516,Jul,20.365,25.03,25.1675,23.98,5.4625,0.0,29.442500000000003,0.0,0
2020,8,12033074.551612904,10347615.922580646,Aug,3.845,6.3925,31.17,38.375,20.22,0.0,58.595,0.0,1
2020,9,11538661.323333332,10324795.466666669,Sep,1.12,2.476,11.592,23.46,58.492,2.862,84.814,0.04,1
2020,10,11163720.474193549,10236883.277419357,Oct,0.0,0.51,8.43,12.77,60.795,17.495,91.06,0.6096774193548387,1
2020,11,10793578.3,10121382.173333334,Nov,0.0,0.51,7.7225,9.8525,46.485,35.4325,91.77,2.6166666666666667,1
2020,12,10364235.516129032,10225668.548387095,Dec,0.0,0.172,5.67,7.562,21.038,65.55799999999999,94.158,5.883870967741935,1
2021,1,9873151.741935484,10420436.341935484,Jan,0.0,0.15,5.605,7.465,23.1175,63.66,94.2425,5.948387096774193,1
2021,2,9425237.035714284,10598262.521428572,Feb,0.0,0.5,6.69,10.7775,27.595,54.435,92.8075,9.360714285714286,1
2021,3,9040206.677419355,10495633.161290323,Mar,0.0,2.15,6.772,10.316,28.866000000000003,51.898,91.08,12.48709677419355,1
2021,4,8671866.533333333,10188778.266666668,Apr,0.0,1.28,7.2175,10.395,27.8525,53.2575,91.505,12.2,1
2021,5,8381604.387096774,9707263.41935484,May,0.0,0.415,7.4425,11.39,26.3375,54.4125,92.14,6.196774193548387,1
2021,6,8415178.533333333,9262466.693333331,Jun,0.016,0.496,6.086,11.69,25.744,55.974,93.408,0.2266666666666666,1
2021,7,8083603.451612903,9037877.64516129,Jul,0.0225,0.5775,3.1,12.725,36.0375,47.5425,96.305,0.0,1
2021,8,7684859.29032258,9026163.802580643,Aug,0.35,2.152,14.578,25.454,38.532,18.94,82.92599999999999,0.0,1
2021,9,7412647.766666667,9015481.833333334,Sep,0.175,6.895,21.0125,25.52,37.875,8.524999999999999,71.91999999999999,0.0,1
2021,10,7219464.0,8999095.129032258,Oct,0.0,9.1925,21.1025,29.4,33.7,6.605,69.705,0.1580645161290322,1
2021,11,7103713.266666667,8865741.28,Nov,0.0,9.434,23.182,33.328,29.698,4.364,67.39,1.8333333333333333,1
2021,12,6858130.967741936,8849971.251612904,Dec,0.0,10.1075,24.65,33.2075,30.2725,1.76,65.24,3.8225806451612905,1
2022,1,6518509.193548387,8955675.722580645,Jan,0.0,19.0175,23.4475,42.185,15.04,0.32,57.545,10.119354838709675,1
2022,2,6183819.9575000005,8963991.15,Feb,0.0,18.86,23.05,42.5975,15.175,0.32,58.0925,11.364285714285714,1
2022,3,5916341.026774193,8745984.58064516,Mar,0.0,11.164,27.722,42.37,18.424,0.32,61.114,14.2,1
2022,4,5788709.9306666665,8288246.966666667,Apr,0.0,5.9375,20.9075,51.245,21.5925,0.32,73.1575,14.726666666666668,1
2022,5,5999673.491935484,7754107.522580645,May,0.002,1.45,20.028,41.826,33.714,2.98,78.52,6.761290322580645,1
2022,6,6682654.673333333,7328495.206666666,Jun,0.01,1.645,16.165,35.09,40.557500000000005,6.525,82.17250000000001,0.4433333333333333,1
2022,7,6337435.453548388,7082144.38,Jul,0.13,2.09,23.635,32.9475,34.6625,6.535,74.145,0.0,1
2022,8,6070479.103870967,7148597.190322581,Aug,0.372,11.524,29.002,30.320000000000004,26.57,2.208,59.098,0.0,1
2022,9,5837393.408333333,7282050.71,Sep,0.5,22.3775,28.8525,29.375,17.89,1.01,48.275,0.0,0
2022,10,5840728.053548387,7379486.976129032,Oct,1.405,29.62,25.7925,26.17,16.1925,0.8200000000000001,43.1825,0.4645161290322581,0
2022,11,5782582.64,7276387.888,Nov,1.192,34.524,23.99,24.296,15.466,0.53,40.292,1.8166666666666669,0
2022,12,5624612.840967742,7240077.372903226,Dec,5.615,34.31,22.4325,27.835,9.2775,0.53,37.6425,4.187096774193549,0
